username,email,password
yurio-windiatmoko,yuriowindiatmoko@gmail.com,unofficial1234
yurio-windiatmoko,yuriowindiatmoko@gmail.com,unofficial1235
yurio-windiatmoko,yuriowindiatmoko@gmail.com,unofficial1236
yurio-windiatmoko,yuriowindiatmoko@gmail.com,unofficial1237
yurio-windiatmoko,yuriowindiatmoko@gmail.com,unofficial1238
yurio-windiatmoko,yuriowindiatmoko@gmail.com,unofficial1239
yurio-windiatmoko,yuriowindiatmoko@gmail.com,unofficial1240
yurio-windiatmoko,yuriowindiatmoko@gmail.com,unofficial1241
yurio-windiatmoko,yuriowindiatmoko@gmail.com,unofficial1242
yurio-windiatmoko,yuriowindiatmoko@gmail.com,unofficial1243
yurio-windiatmoko,yuriowindiatmoko@gmail.com,unofficial1244
yurio-windiatmoko,yuriowindiatmoko@gmail.com,unofficial1245
yurio-windiatmoko,yuriowindiatmoko@gmail.com,unofficial1246
yurio-windiatmoko,yuriowindiatmoko@gmail.com,unofficial1247
yurio-windiatmoko,yuriowindiatmoko@gmail.com,unofficial1248
yurio-windiatmoko,yuriowindiatmoko@gmail.com,unofficial1249
yurio-windiatmoko,yuriowindiatmoko@gmail.com,unofficial1250
yurio-windiatmoko,yuriowindiatmoko@gmail.com,unofficial1251
yurio-windiatmoko,yuriowindiatmoko@gmail.com,unofficial1252
yurio-windiatmoko,yuriowindiatmoko@gmail.com,unofficial1253
yurio-windiatmoko,yuriowindiatmoko@gmail.com,unofficial1254
yurio-windiatmoko,yuriowindiatmoko@gmail.com,unofficial1255
yurio-windiatmoko,yuriowindiatmoko@gmail.com,unofficial1256
yurio-windiatmoko,yuriowindiatmoko@gmail.com,unofficial1257
yurio-windiatmoko,yuriowindiatmoko@gmail.com,unofficial1258
yurio-windiatmoko,yuriowindiatmoko@gmail.com,unofficial1259
yurio-windiatmoko,yuriowindiatmoko@gmail.com,unofficial1260
yurio-windiatmoko,yuriowindiatmoko@gmail.com,unofficial1261
yurio-windiatmoko,yuriowindiatmoko@gmail.com,unofficial1262
yurio-windiatmoko,yuriowindiatmoko@gmail.com,unofficial1263
yurio-windiatmoko,yuriowindiatmoko@gmail.com,unofficial1264
yurio-windiatmoko,yuriowindiatmoko@gmail.com,unofficial1265
yurio-windiatmoko,yuriowindiatmoko@gmail.com,unofficial1266
yurio-windiatmoko,yuriowindiatmoko@gmail.com,unofficial1267
yurio-windiatmoko,yuriowindiatmoko@gmail.com,unofficial1268
yurio-windiatmoko,yuriowindiatmoko@gmail.com,unofficial1269
yurio-windiatmoko,yuriowindiatmoko@gmail.com,unofficial1270
yurio-windiatmoko,yuriowindiatmoko@gmail.com,unofficial1271
yurio-windiatmoko,yuriowindiatmoko@gmail.com,unofficial1272
yurio-windiatmoko,yuriowindiatmoko@gmail.com,unofficial1273
yurio-windiatmoko,yuriowindiatmoko@gmail.com,unofficial1274
yurio-windiatmoko,yuriowindiatmoko@gmail.com,unofficial1275
yurio-windiatmoko,yuriowindiatmoko@gmail.com,unofficial1276
yurio-windiatmoko,yuriowindiatmoko@gmail.com,unofficial1277
yurio-windiatmoko,yuriowindiatmoko@gmail.com,unofficial1278
yurio-windiatmoko,yuriowindiatmoko@gmail.com,unofficial1279
yurio-windiatmoko,yuriowindiatmoko@gmail.com,unofficial1280
yurio-windiatmoko,yuriowindiatmoko@gmail.com,unofficial1281
yurio-windiatmoko,yuriowindiatmoko@gmail.com,unofficial1282
yurio-windiatmoko,yuriowindiatmoko@gmail.com,unofficial1283
yurio-windiatmoko,yuriowindiatmoko@gmail.com,unofficial1284
yurio-windiatmoko,yuriowindiatmoko@gmail.com,unofficial1285
yurio-windiatmoko,yuriowindiatmoko@gmail.com,unofficial1286
yurio-windiatmoko,yuriowindiatmoko@gmail.com,unofficial1287
yurio-windiatmoko,yuriowindiatmoko@gmail.com,unofficial1288
yurio-windiatmoko,yuriowindiatmoko@gmail.com,unofficial1289
yurio-windiatmoko,yuriowindiatmoko@gmail.com,unofficial1290
yurio-windiatmoko,yuriowindiatmoko@gmail.com,unofficial1291
yurio-windiatmoko,yuriowindiatmoko@gmail.com,unofficial1292
yurio-windiatmoko,yuriowindiatmoko@gmail.com,unofficial1293
yurio-windiatmoko,yuriowindiatmoko@gmail.com,unofficial1294
yurio-windiatmoko,yuriowindiatmoko@gmail.com,unofficial1295
yurio-windiatmoko,yuriowindiatmoko@gmail.com,unofficial1296
yurio-windiatmoko,yuriowindiatmoko@gmail.com,unofficial1297
yurio-windiatmoko,yuriowindiatmoko@gmail.com,unofficial1298
yurio-windiatmoko,yuriowindiatmoko@gmail.com,unofficial1299
yurio-windiatmoko,yuriowindiatmoko@gmail.com,unofficial1300
yurio-windiatmoko,yuriowindiatmoko@gmail.com,unofficial1301
yurio-windiatmoko,yuriowindiatmoko@gmail.com,unofficial1302
yurio-windiatmoko,yuriowindiatmoko@gmail.com,unofficial1303
yurio-windiatmoko,yuriowindiatmoko@gmail.com,unofficial1304
yurio-windiatmoko,yuriowindiatmoko@gmail.com,unofficial1305
yurio-windiatmoko,yuriowindiatmoko@gmail.com,unofficial1306
yurio-windiatmoko,yuriowindiatmoko@gmail.com,unofficial1307
yurio-windiatmoko,yuriowindiatmoko@gmail.com,unofficial1308
yurio-windiatmoko,yuriowindiatmoko@gmail.com,unofficial1309
yurio-windiatmoko,yuriowindiatmoko@gmail.com,unofficial1310
yurio-windiatmoko,yuriowindiatmoko@gmail.com,unofficial1311
yurio-windiatmoko,yuriowindiatmoko@gmail.com,unofficial1312
yurio-windiatmoko,yuriowindiatmoko@gmail.com,unofficial1313
yurio-windiatmoko,yuriowindiatmoko@gmail.com,unofficial1314
yurio-windiatmoko,yuriowindiatmoko@gmail.com,unofficial1315
yurio-windiatmoko,yuriowindiatmoko@gmail.com,unofficial1316
yurio-windiatmoko,yuriowindiatmoko@gmail.com,unofficial1317
yurio-windiatmoko,yuriowindiatmoko@gmail.com,unofficial1318
yurio-windiatmoko,yuriowindiatmoko@gmail.com,unofficial1319
yurio-windiatmoko,yuriowindiatmoko@gmail.com,unofficial1320
yurio-windiatmoko,yuriowindiatmoko@gmail.com,unofficial1321
yurio-windiatmoko,yuriowindiatmoko@gmail.com,unofficial1322
yurio-windiatmoko,yuriowindiatmoko@gmail.com,unofficial1323
yurio-windiatmoko,yuriowindiatmoko@gmail.com,unofficial1324
yurio-windiatmoko,yuriowindiatmoko@gmail.com,unofficial1325
yurio-windiatmoko,yuriowindiatmoko@gmail.com,unofficial1326
yurio-windiatmoko,yuriowindiatmoko@gmail.com,unofficial1327
yurio-windiatmoko,yuriowindiatmoko@gmail.com,unofficial1328
yurio-windiatmoko,yuriowindiatmoko@gmail.com,unofficial1329
yurio-windiatmoko,yuriowindiatmoko@gmail.com,unofficial1330
yurio-windiatmoko,yuriowindiatmoko@gmail.com,unofficial1331
yurio-windiatmoko,yuriowindiatmoko@gmail.com,unofficial1332
yurio-windiatmoko,yuriowindiatmoko@gmail.com,unofficial1333
yurio-windiatmoko,yuriowindiatmoko@gmail.com,unofficial1334
yurio-windiatmoko,yuriowindiatmoko@gmail.com,unofficial1335
yurio-windiatmoko,yuriowindiatmoko@gmail.com,unofficial1336
yurio-windiatmoko,yuriowindiatmoko@gmail.com,unofficial1337
yurio-windiatmoko,yuriowindiatmoko@gmail.com,unofficial1338
yurio-windiatmoko,yuriowindiatmoko@gmail.com,unofficial1339
yurio-windiatmoko,yuriowindiatmoko@gmail.com,unofficial1340
yurio-windiatmoko,yuriowindiatmoko@gmail.com,unofficial1341
yurio-windiatmoko,yuriowindiatmoko@gmail.com,unofficial1342
yurio-windiatmoko,yuriowindiatmoko@gmail.com,unofficial1343
yurio-windiatmoko,yuriowindiatmoko@gmail.com,unofficial1344
yurio-windiatmoko,yuriowindiatmoko@gmail.com,unofficial1345
yurio-windiatmoko,yuriowindiatmoko@gmail.com,unofficial1346
yurio-windiatmoko,yuriowindiatmoko@gmail.com,unofficial1347
yurio-windiatmoko,yuriowindiatmoko@gmail.com,unofficial1348
yurio-windiatmoko,yuriowindiatmoko@gmail.com,unofficial1349
yurio-windiatmoko,yuriowindiatmoko@gmail.com,unofficial1350
yurio-windiatmoko,yuriowindiatmoko@gmail.com,unofficial1351
yurio-windiatmoko,yuriowindiatmoko@gmail.com,unofficial1352
yurio-windiatmoko,yuriowindiatmoko@gmail.com,unofficial1353
yurio-windiatmoko,yuriowindiatmoko@gmail.com,unofficial1354
yurio-windiatmoko,yuriowindiatmoko@gmail.com,unofficial1355
yurio-windiatmoko,yuriowindiatmoko@gmail.com,unofficial1356
yurio-windiatmoko,yuriowindiatmoko@gmail.com,unofficial1357
yurio-windiatmoko,yuriowindiatmoko@gmail.com,unofficial1358
yurio-windiatmoko,yuriowindiatmoko@gmail.com,unofficial1359
yurio-windiatmoko,yuriowindiatmoko@gmail.com,unofficial1360
yurio-windiatmoko,yuriowindiatmoko@gmail.com,unofficial1361
yurio-windiatmoko,yuriowindiatmoko@gmail.com,unofficial1362
yurio-windiatmoko,yuriowindiatmoko@gmail.com,unofficial1363
yurio-windiatmoko,yuriowindiatmoko@gmail.com,unofficial1364
yurio-windiatmoko,yuriowindiatmoko@gmail.com,unofficial1365
yurio-windiatmoko,yuriowindiatmoko@gmail.com,unofficial1366
yurio-windiatmoko,yuriowindiatmoko@gmail.com,unofficial1367
yurio-windiatmoko,yuriowindiatmoko@gmail.com,unofficial1368
yurio-windiatmoko,yuriowindiatmoko@gmail.com,unofficial1369
yurio-windiatmoko,yuriowindiatmoko@gmail.com,unofficial1370
yurio-windiatmoko,yuriowindiatmoko@gmail.com,unofficial1371
yurio-windiatmoko,yuriowindiatmoko@gmail.com,unofficial1372
yurio-windiatmoko,yuriowindiatmoko@gmail.com,unofficial1373
yurio-windiatmoko,yuriowindiatmoko@gmail.com,unofficial1374
yurio-windiatmoko,yuriowindiatmoko@gmail.com,unofficial1375
yurio-windiatmoko,yuriowindiatmoko@gmail.com,unofficial1376
yurio-windiatmoko,yuriowindiatmoko@gmail.com,unofficial1377
yurio-windiatmoko,yuriowindiatmoko@gmail.com,unofficial1378
yurio-windiatmoko,yuriowindiatmoko@gmail.com,unofficial1379
yurio-windiatmoko,yuriowindiatmoko@gmail.com,unofficial1380
yurio-windiatmoko,yuriowindiatmoko@gmail.com,unofficial1381
yurio-windiatmoko,yuriowindiatmoko@gmail.com,unofficial1382
yurio-windiatmoko,yuriowindiatmoko@gmail.com,unofficial1383
yurio-windiatmoko,yuriowindiatmoko@gmail.com,unofficial1384
yurio-windiatmoko,yuriowindiatmoko@gmail.com,unofficial1385
yurio-windiatmoko,yuriowindiatmoko@gmail.com,unofficial1386
yurio-windiatmoko,yuriowindiatmoko@gmail.com,unofficial1387
yurio-windiatmoko,yuriowindiatmoko@gmail.com,unofficial1388
yurio-windiatmoko,yuriowindiatmoko@gmail.com,unofficial1389
yurio-windiatmoko,yuriowindiatmoko@gmail.com,unofficial1390
yurio-windiatmoko,yuriowindiatmoko@gmail.com,unofficial1391
yurio-windiatmoko,yuriowindiatmoko@gmail.com,unofficial1392
yurio-windiatmoko,yuriowindiatmoko@gmail.com,unofficial1393
yurio-windiatmoko,yuriowindiatmoko@gmail.com,unofficial1394
yurio-windiatmoko,yuriowindiatmoko@gmail.com,unofficial1395
yurio-windiatmoko,yuriowindiatmoko@gmail.com,unofficial1396
yurio-windiatmoko,yuriowindiatmoko@gmail.com,unofficial1397
yurio-windiatmoko,yuriowindiatmoko@gmail.com,unofficial1398
yurio-windiatmoko,yuriowindiatmoko@gmail.com,unofficial1399
yurio-windiatmoko,yuriowindiatmoko@gmail.com,unofficial1400
yurio-windiatmoko,yuriowindiatmoko@gmail.com,unofficial1401
yurio-windiatmoko,yuriowindiatmoko@gmail.com,unofficial1402
yurio-windiatmoko,yuriowindiatmoko@gmail.com,unofficial1403
yurio-windiatmoko,yuriowindiatmoko@gmail.com,unofficial1404
yurio-windiatmoko,yuriowindiatmoko@gmail.com,unofficial1405
yurio-windiatmoko,yuriowindiatmoko@gmail.com,unofficial1406
yurio-windiatmoko,yuriowindiatmoko@gmail.com,unofficial1407
yurio-windiatmoko,yuriowindiatmoko@gmail.com,unofficial1408
yurio-windiatmoko,yuriowindiatmoko@gmail.com,unofficial1409
yurio-windiatmoko,yuriowindiatmoko@gmail.com,unofficial1410
yurio-windiatmoko,yuriowindiatmoko@gmail.com,unofficial1411
yurio-windiatmoko,yuriowindiatmoko@gmail.com,unofficial1412
yurio-windiatmoko,yuriowindiatmoko@gmail.com,unofficial1413
yurio-windiatmoko,yuriowindiatmoko@gmail.com,unofficial1414
yurio-windiatmoko,yuriowindiatmoko@gmail.com,unofficial1415
yurio-windiatmoko,yuriowindiatmoko@gmail.com,unofficial1416
yurio-windiatmoko,yuriowindiatmoko@gmail.com,unofficial1417
yurio-windiatmoko,yuriowindiatmoko@gmail.com,unofficial1418
yurio-windiatmoko,yuriowindiatmoko@gmail.com,unofficial1419
yurio-windiatmoko,yuriowindiatmoko@gmail.com,unofficial1420
yurio-windiatmoko,yuriowindiatmoko@gmail.com,unofficial1421
yurio-windiatmoko,yuriowindiatmoko@gmail.com,unofficial1422
yurio-windiatmoko,yuriowindiatmoko@gmail.com,unofficial1423
yurio-windiatmoko,yuriowindiatmoko@gmail.com,unofficial1424
yurio-windiatmoko,yuriowindiatmoko@gmail.com,unofficial1425
yurio-windiatmoko,yuriowindiatmoko@gmail.com,unofficial1426
yurio-windiatmoko,yuriowindiatmoko@gmail.com,unofficial1427
yurio-windiatmoko,yuriowindiatmoko@gmail.com,unofficial1428
yurio-windiatmoko,yuriowindiatmoko@gmail.com,unofficial1429
yurio-windiatmoko,yuriowindiatmoko@gmail.com,unofficial1430
yurio-windiatmoko,yuriowindiatmoko@gmail.com,unofficial1431
yurio-windiatmoko,yuriowindiatmoko@gmail.com,unofficial1432
yurio-windiatmoko,yuriowindiatmoko@gmail.com,unofficial1433
yurio-windiatmoko,yuriowindiatmoko@gmail.com,unofficial1434
yurio-windiatmoko,yuriowindiatmoko@gmail.com,unofficial1435
yurio-windiatmoko,yuriowindiatmoko@gmail.com,unofficial1436
yurio-windiatmoko,yuriowindiatmoko@gmail.com,unofficial1437
yurio-windiatmoko,yuriowindiatmoko@gmail.com,unofficial1438
yurio-windiatmoko,yuriowindiatmoko@gmail.com,unofficial1439
yurio-windiatmoko,yuriowindiatmoko@gmail.com,unofficial1440
yurio-windiatmoko,yuriowindiatmoko@gmail.com,unofficial1441
yurio-windiatmoko,yuriowindiatmoko@gmail.com,unofficial1442
yurio-windiatmoko,yuriowindiatmoko@gmail.com,unofficial1443
yurio-windiatmoko,yuriowindiatmoko@gmail.com,unofficial1444
yurio-windiatmoko,yuriowindiatmoko@gmail.com,unofficial1445
yurio-windiatmoko,yuriowindiatmoko@gmail.com,unofficial1446
yurio-windiatmoko,yuriowindiatmoko@gmail.com,unofficial1447
yurio-windiatmoko,yuriowindiatmoko@gmail.com,unofficial1448
yurio-windiatmoko,yuriowindiatmoko@gmail.com,unofficial1449
yurio-windiatmoko,yuriowindiatmoko@gmail.com,unofficial1450
yurio-windiatmoko,yuriowindiatmoko@gmail.com,unofficial1451
yurio-windiatmoko,yuriowindiatmoko@gmail.com,unofficial1452
yurio-windiatmoko,yuriowindiatmoko@gmail.com,unofficial1453
yurio-windiatmoko,yuriowindiatmoko@gmail.com,unofficial1454
yurio-windiatmoko,yuriowindiatmoko@gmail.com,unofficial1455
yurio-windiatmoko,yuriowindiatmoko@gmail.com,unofficial1456
yurio-windiatmoko,yuriowindiatmoko@gmail.com,unofficial1457
yurio-windiatmoko,yuriowindiatmoko@gmail.com,unofficial1458
yurio-windiatmoko,yuriowindiatmoko@gmail.com,unofficial1459
yurio-windiatmoko,yuriowindiatmoko@gmail.com,unofficial1460
yurio-windiatmoko,yuriowindiatmoko@gmail.com,unofficial1461
