username,email,password,date
yurio-windiatmoko,yuriowindiatmoko@gmail.com,unofficial1234,2021-07-25
yurio-windiatmoko,yuriowindiatmoko@gmail.com,unofficial1235,2021-07-25
yurio-windiatmoko,yuriowindiatmoko@gmail.com,unofficial1236,2021-07-25
yurio-windiatmoko,yuriowindiatmoko@gmail.com,unofficial1237,2021-07-25
yurio-windiatmoko,yuriowindiatmoko@gmail.com,unofficial1238,2021-07-25
yurio-windiatmoko,yuriowindiatmoko@gmail.com,unofficial1239,2021-07-25
yurio-windiatmoko,yuriowindiatmoko@gmail.com,unofficial1240,2021-07-25
yurio-windiatmoko,yuriowindiatmoko@gmail.com,unofficial1241,2021-07-25
yurio-windiatmoko,yuriowindiatmoko@gmail.com,unofficial1242,2021-07-25
yurio-windiatmoko,yuriowindiatmoko@gmail.com,unofficial1243,2021-07-25
yurio-windiatmoko,yuriowindiatmoko@gmail.com,unofficial1244,2021-07-25
yurio-windiatmoko,yuriowindiatmoko@gmail.com,unofficial1245,2021-07-25
yurio-windiatmoko,yuriowindiatmoko@gmail.com,unofficial1246,2021-07-25
yurio-windiatmoko,yuriowindiatmoko@gmail.com,unofficial1247,2021-07-25
yurio-windiatmoko,yuriowindiatmoko@gmail.com,unofficial1248,2021-07-25
yurio-windiatmoko,yuriowindiatmoko@gmail.com,unofficial1249,2021-07-25
yurio-windiatmoko,yuriowindiatmoko@gmail.com,unofficial1250,2021-07-25
yurio-windiatmoko,yuriowindiatmoko@gmail.com,unofficial1251,2021-07-25
yurio-windiatmoko,yuriowindiatmoko@gmail.com,unofficial1252,2021-07-25
yurio-windiatmoko,yuriowindiatmoko@gmail.com,unofficial1253,2021-07-25
yurio-windiatmoko,yuriowindiatmoko@gmail.com,unofficial1254,2021-07-25
yurio-windiatmoko,yuriowindiatmoko@gmail.com,unofficial1255,2021-07-25
yurio-windiatmoko,yuriowindiatmoko@gmail.com,unofficial1256,2021-07-25
yurio-windiatmoko,yuriowindiatmoko@gmail.com,unofficial1257,2021-07-25
yurio-windiatmoko,yuriowindiatmoko@gmail.com,unofficial1258,2021-07-25
yurio-windiatmoko,yuriowindiatmoko@gmail.com,unofficial1259,2021-07-25
yurio-windiatmoko,yuriowindiatmoko@gmail.com,unofficial1260,2021-07-25
yurio-windiatmoko,yuriowindiatmoko@gmail.com,unofficial1261,2021-07-25
yurio-windiatmoko,yuriowindiatmoko@gmail.com,unofficial1262,2021-07-25
yurio-windiatmoko,yuriowindiatmoko@gmail.com,unofficial1263,2021-07-25
yurio-windiatmoko,yuriowindiatmoko@gmail.com,unofficial1264,2021-07-25
yurio-windiatmoko,yuriowindiatmoko@gmail.com,unofficial1265,2021-07-25
yurio-windiatmoko,yuriowindiatmoko@gmail.com,unofficial1266,2021-07-25
yurio-windiatmoko,yuriowindiatmoko@gmail.com,unofficial1267,2021-07-25
yurio-windiatmoko,yuriowindiatmoko@gmail.com,unofficial1268,2021-07-25
yurio-windiatmoko,yuriowindiatmoko@gmail.com,unofficial1269,2021-07-25
yurio-windiatmoko,yuriowindiatmoko@gmail.com,unofficial1270,2021-07-25
yurio-windiatmoko,yuriowindiatmoko@gmail.com,unofficial1271,2021-07-25
yurio-windiatmoko,yuriowindiatmoko@gmail.com,unofficial1272,2021-07-25
yurio-windiatmoko,yuriowindiatmoko@gmail.com,unofficial1273,2021-07-25
yurio-windiatmoko,yuriowindiatmoko@gmail.com,unofficial1274,2021-07-25
yurio-windiatmoko,yuriowindiatmoko@gmail.com,unofficial1275,2021-07-25
yurio-windiatmoko,yuriowindiatmoko@gmail.com,unofficial1276,2021-07-25
yurio-windiatmoko,yuriowindiatmoko@gmail.com,unofficial1277,2021-07-25
yurio-windiatmoko,yuriowindiatmoko@gmail.com,unofficial1278,2021-07-25
yurio-windiatmoko,yuriowindiatmoko@gmail.com,unofficial1279,2021-07-25
yurio-windiatmoko,yuriowindiatmoko@gmail.com,unofficial1280,2021-07-25
yurio-windiatmoko,yuriowindiatmoko@gmail.com,unofficial1281,2021-07-25
yurio-windiatmoko,yuriowindiatmoko@gmail.com,unofficial1282,2021-07-25
yurio-windiatmoko,yuriowindiatmoko@gmail.com,unofficial1283,2021-07-25
yurio-windiatmoko,yuriowindiatmoko@gmail.com,unofficial1284,2021-07-25
yurio-windiatmoko,yuriowindiatmoko@gmail.com,unofficial1285,2021-07-25
yurio-windiatmoko,yuriowindiatmoko@gmail.com,unofficial1286,2021-07-25
yurio-windiatmoko,yuriowindiatmoko@gmail.com,unofficial1287,2021-07-25
yurio-windiatmoko,yuriowindiatmoko@gmail.com,unofficial1288,2021-07-25
yurio-windiatmoko,yuriowindiatmoko@gmail.com,unofficial1289,2021-07-25
yurio-windiatmoko,yuriowindiatmoko@gmail.com,unofficial1290,2021-07-25
yurio-windiatmoko,yuriowindiatmoko@gmail.com,unofficial1291,2021-07-25
yurio-windiatmoko,yuriowindiatmoko@gmail.com,unofficial1292,2021-07-25
yurio-windiatmoko,yuriowindiatmoko@gmail.com,unofficial1293,2021-07-25
yurio-windiatmoko,yuriowindiatmoko@gmail.com,unofficial1294,2021-07-25
yurio-windiatmoko,yuriowindiatmoko@gmail.com,unofficial1295,2021-07-25
yurio-windiatmoko,yuriowindiatmoko@gmail.com,unofficial1296,2021-07-25
yurio-windiatmoko,yuriowindiatmoko@gmail.com,unofficial1297,2021-07-25
yurio-windiatmoko,yuriowindiatmoko@gmail.com,unofficial1298,2021-07-25
yurio-windiatmoko,yuriowindiatmoko@gmail.com,unofficial1299,2021-07-25
yurio-windiatmoko,yuriowindiatmoko@gmail.com,unofficial1300,2021-07-25
yurio-windiatmoko,yuriowindiatmoko@gmail.com,unofficial1301,2021-07-25
yurio-windiatmoko,yuriowindiatmoko@gmail.com,unofficial1302,2021-07-25
yurio-windiatmoko,yuriowindiatmoko@gmail.com,unofficial1303,2021-07-25
yurio-windiatmoko,yuriowindiatmoko@gmail.com,unofficial1304,2021-07-25
yurio-windiatmoko,yuriowindiatmoko@gmail.com,unofficial1305,2021-07-25
yurio-windiatmoko,yuriowindiatmoko@gmail.com,unofficial1306,2021-07-25
yurio-windiatmoko,yuriowindiatmoko@gmail.com,unofficial1307,2021-07-25
yurio-windiatmoko,yuriowindiatmoko@gmail.com,unofficial1308,2021-07-25
yurio-windiatmoko,yuriowindiatmoko@gmail.com,unofficial1309,2021-07-25
yurio-windiatmoko,yuriowindiatmoko@gmail.com,unofficial1310,2021-07-25
yurio-windiatmoko,yuriowindiatmoko@gmail.com,unofficial1311,2021-07-25
yurio-windiatmoko,yuriowindiatmoko@gmail.com,unofficial1312,2021-07-25
yurio-windiatmoko,yuriowindiatmoko@gmail.com,unofficial1313,2021-07-25
yurio-windiatmoko,yuriowindiatmoko@gmail.com,unofficial1314,2021-07-25
yurio-windiatmoko,yuriowindiatmoko@gmail.com,unofficial1315,2021-07-25
yurio-windiatmoko,yuriowindiatmoko@gmail.com,unofficial1316,2021-07-25
yurio-windiatmoko,yuriowindiatmoko@gmail.com,unofficial1317,2021-07-25
yurio-windiatmoko,yuriowindiatmoko@gmail.com,unofficial1318,2021-07-25
yurio-windiatmoko,yuriowindiatmoko@gmail.com,unofficial1319,2021-07-25
yurio-windiatmoko,yuriowindiatmoko@gmail.com,unofficial1320,2021-07-25
yurio-windiatmoko,yuriowindiatmoko@gmail.com,unofficial1321,2021-07-25
yurio-windiatmoko,yuriowindiatmoko@gmail.com,unofficial1322,2021-07-25
yurio-windiatmoko,yuriowindiatmoko@gmail.com,unofficial1323,2021-07-25
yurio-windiatmoko,yuriowindiatmoko@gmail.com,unofficial1324,2021-07-25
yurio-windiatmoko,yuriowindiatmoko@gmail.com,unofficial1325,2021-07-25
yurio-windiatmoko,yuriowindiatmoko@gmail.com,unofficial1326,2021-07-25
yurio-windiatmoko,yuriowindiatmoko@gmail.com,unofficial1327,2021-07-25
yurio-windiatmoko,yuriowindiatmoko@gmail.com,unofficial1328,2021-07-25
yurio-windiatmoko,yuriowindiatmoko@gmail.com,unofficial1329,2021-07-25
yurio-windiatmoko,yuriowindiatmoko@gmail.com,unofficial1330,2021-07-25
yurio-windiatmoko,yuriowindiatmoko@gmail.com,unofficial1331,2021-07-25
yurio-windiatmoko,yuriowindiatmoko@gmail.com,unofficial1332,2021-07-25
yurio-windiatmoko,yuriowindiatmoko@gmail.com,unofficial1333,2021-07-25
yurio-windiatmoko,yuriowindiatmoko@gmail.com,unofficial1334,2021-07-25
yurio-windiatmoko,yuriowindiatmoko@gmail.com,unofficial1335,2021-07-25
yurio-windiatmoko,yuriowindiatmoko@gmail.com,unofficial1336,2021-07-25
yurio-windiatmoko,yuriowindiatmoko@gmail.com,unofficial1337,2021-07-25
yurio-windiatmoko,yuriowindiatmoko@gmail.com,unofficial1338,2021-07-25
yurio-windiatmoko,yuriowindiatmoko@gmail.com,unofficial1339,2021-07-25
yurio-windiatmoko,yuriowindiatmoko@gmail.com,unofficial1340,2021-07-25
yurio-windiatmoko,yuriowindiatmoko@gmail.com,unofficial1341,2021-07-25
yurio-windiatmoko,yuriowindiatmoko@gmail.com,unofficial1342,2021-07-25
yurio-windiatmoko,yuriowindiatmoko@gmail.com,unofficial1343,2021-07-25
yurio-windiatmoko,yuriowindiatmoko@gmail.com,unofficial1344,2021-07-25
yurio-windiatmoko,yuriowindiatmoko@gmail.com,unofficial1345,2021-07-25
yurio-windiatmoko,yuriowindiatmoko@gmail.com,unofficial1346,2021-07-25
yurio-windiatmoko,yuriowindiatmoko@gmail.com,unofficial1347,2021-07-25
yurio-windiatmoko,yuriowindiatmoko@gmail.com,unofficial1348,2021-07-25
yurio-windiatmoko,yuriowindiatmoko@gmail.com,unofficial1349,2021-07-25
yurio-windiatmoko,yuriowindiatmoko@gmail.com,unofficial1350,2021-07-25
yurio-windiatmoko,yuriowindiatmoko@gmail.com,unofficial1351,2021-07-25
yurio-windiatmoko,yuriowindiatmoko@gmail.com,unofficial1352,2021-07-25
yurio-windiatmoko,yuriowindiatmoko@gmail.com,unofficial1353,2021-07-25
yurio-windiatmoko,yuriowindiatmoko@gmail.com,unofficial1354,2021-07-25
yurio-windiatmoko,yuriowindiatmoko@gmail.com,unofficial1355,2021-07-25
yurio-windiatmoko,yuriowindiatmoko@gmail.com,unofficial1356,2021-07-25
yurio-windiatmoko,yuriowindiatmoko@gmail.com,unofficial1357,2021-07-25
yurio-windiatmoko,yuriowindiatmoko@gmail.com,unofficial1358,2021-07-25
yurio-windiatmoko,yuriowindiatmoko@gmail.com,unofficial1359,2021-07-25
yurio-windiatmoko,yuriowindiatmoko@gmail.com,unofficial1360,2021-07-25
yurio-windiatmoko,yuriowindiatmoko@gmail.com,unofficial1361,2021-07-25
yurio-windiatmoko,yuriowindiatmoko@gmail.com,unofficial1362,2021-07-25
yurio-windiatmoko,yuriowindiatmoko@gmail.com,unofficial1363,2021-07-25
yurio-windiatmoko,yuriowindiatmoko@gmail.com,unofficial1364,2021-07-25
yurio-windiatmoko,yuriowindiatmoko@gmail.com,unofficial1365,2021-07-25
yurio-windiatmoko,yuriowindiatmoko@gmail.com,unofficial1366,2021-07-25
yurio-windiatmoko,yuriowindiatmoko@gmail.com,unofficial1367,2021-07-25
yurio-windiatmoko,yuriowindiatmoko@gmail.com,unofficial1368,2021-07-25
yurio-windiatmoko,yuriowindiatmoko@gmail.com,unofficial1369,2021-07-25
yurio-windiatmoko,yuriowindiatmoko@gmail.com,unofficial1370,2021-07-25
yurio-windiatmoko,yuriowindiatmoko@gmail.com,unofficial1371,2021-07-25
yurio-windiatmoko,yuriowindiatmoko@gmail.com,unofficial1372,2021-07-25
yurio-windiatmoko,yuriowindiatmoko@gmail.com,unofficial1373,2021-07-25
yurio-windiatmoko,yuriowindiatmoko@gmail.com,unofficial1374,2021-07-25
yurio-windiatmoko,yuriowindiatmoko@gmail.com,unofficial1375,2021-07-25
yurio-windiatmoko,yuriowindiatmoko@gmail.com,unofficial1376,2021-07-25
yurio-windiatmoko,yuriowindiatmoko@gmail.com,unofficial1377,2021-07-25
yurio-windiatmoko,yuriowindiatmoko@gmail.com,unofficial1378,2021-07-25
yurio-windiatmoko,yuriowindiatmoko@gmail.com,unofficial1379,2021-07-25
yurio-windiatmoko,yuriowindiatmoko@gmail.com,unofficial1380,2021-07-25
yurio-windiatmoko,yuriowindiatmoko@gmail.com,unofficial1381,2021-07-25
yurio-windiatmoko,yuriowindiatmoko@gmail.com,unofficial1382,2021-07-25
yurio-windiatmoko,yuriowindiatmoko@gmail.com,unofficial1383,2021-07-25
yurio-windiatmoko,yuriowindiatmoko@gmail.com,unofficial1384,2021-07-25
yurio-windiatmoko,yuriowindiatmoko@gmail.com,unofficial1385,2021-07-25
yurio-windiatmoko,yuriowindiatmoko@gmail.com,unofficial1386,2021-07-25
yurio-windiatmoko,yuriowindiatmoko@gmail.com,unofficial1387,2021-07-25
yurio-windiatmoko,yuriowindiatmoko@gmail.com,unofficial1388,2021-07-25
yurio-windiatmoko,yuriowindiatmoko@gmail.com,unofficial1389,2021-07-25
yurio-windiatmoko,yuriowindiatmoko@gmail.com,unofficial1390,2021-07-25
yurio-windiatmoko,yuriowindiatmoko@gmail.com,unofficial1391,2021-07-25
yurio-windiatmoko,yuriowindiatmoko@gmail.com,unofficial1392,2021-07-25
yurio-windiatmoko,yuriowindiatmoko@gmail.com,unofficial1393,2021-07-25
yurio-windiatmoko,yuriowindiatmoko@gmail.com,unofficial1394,2021-07-25
yurio-windiatmoko,yuriowindiatmoko@gmail.com,unofficial1395,2021-07-25
yurio-windiatmoko,yuriowindiatmoko@gmail.com,unofficial1396,2021-07-25
yurio-windiatmoko,yuriowindiatmoko@gmail.com,unofficial1397,2021-07-25
yurio-windiatmoko,yuriowindiatmoko@gmail.com,unofficial1398,2021-07-25
yurio-windiatmoko,yuriowindiatmoko@gmail.com,unofficial1399,2021-07-25
yurio-windiatmoko,yuriowindiatmoko@gmail.com,unofficial1400,2021-07-25
yurio-windiatmoko,yuriowindiatmoko@gmail.com,unofficial1401,2021-07-25
yurio-windiatmoko,yuriowindiatmoko@gmail.com,unofficial1402,2021-07-25
yurio-windiatmoko,yuriowindiatmoko@gmail.com,unofficial1403,2021-07-25
yurio-windiatmoko,yuriowindiatmoko@gmail.com,unofficial1404,2021-07-25
yurio-windiatmoko,yuriowindiatmoko@gmail.com,unofficial1405,2021-07-25
yurio-windiatmoko,yuriowindiatmoko@gmail.com,unofficial1406,2021-07-25
yurio-windiatmoko,yuriowindiatmoko@gmail.com,unofficial1407,2021-07-25
yurio-windiatmoko,yuriowindiatmoko@gmail.com,unofficial1408,2021-07-25
yurio-windiatmoko,yuriowindiatmoko@gmail.com,unofficial1409,2021-07-25
yurio-windiatmoko,yuriowindiatmoko@gmail.com,unofficial1410,2021-07-25
yurio-windiatmoko,yuriowindiatmoko@gmail.com,unofficial1411,2021-07-25
yurio-windiatmoko,yuriowindiatmoko@gmail.com,unofficial1412,2021-07-25
yurio-windiatmoko,yuriowindiatmoko@gmail.com,unofficial1413,2021-07-25
yurio-windiatmoko,yuriowindiatmoko@gmail.com,unofficial1414,2021-07-25
yurio-windiatmoko,yuriowindiatmoko@gmail.com,unofficial1415,2021-07-25
yurio-windiatmoko,yuriowindiatmoko@gmail.com,unofficial1416,2021-07-25
yurio-windiatmoko,yuriowindiatmoko@gmail.com,unofficial1417,2021-07-25
yurio-windiatmoko,yuriowindiatmoko@gmail.com,unofficial1418,2021-07-25
yurio-windiatmoko,yuriowindiatmoko@gmail.com,unofficial1419,2021-07-25
yurio-windiatmoko,yuriowindiatmoko@gmail.com,unofficial1420,2021-07-25
yurio-windiatmoko,yuriowindiatmoko@gmail.com,unofficial1421,2021-07-25
yurio-windiatmoko,yuriowindiatmoko@gmail.com,unofficial1422,2021-07-25
yurio-windiatmoko,yuriowindiatmoko@gmail.com,unofficial1423,2021-07-25
yurio-windiatmoko,yuriowindiatmoko@gmail.com,unofficial1424,2021-07-25
yurio-windiatmoko,yuriowindiatmoko@gmail.com,unofficial1425,2021-07-25
yurio-windiatmoko,yuriowindiatmoko@gmail.com,unofficial1426,2021-07-25
yurio-windiatmoko,yuriowindiatmoko@gmail.com,unofficial1427,2021-07-25
yurio-windiatmoko,yuriowindiatmoko@gmail.com,unofficial1428,2021-07-25
yurio-windiatmoko,yuriowindiatmoko@gmail.com,unofficial1429,2021-07-25
yurio-windiatmoko,yuriowindiatmoko@gmail.com,unofficial1430,2021-07-25
yurio-windiatmoko,yuriowindiatmoko@gmail.com,unofficial1431,2021-07-25
yurio-windiatmoko,yuriowindiatmoko@gmail.com,unofficial1432,2021-07-25
yurio-windiatmoko,yuriowindiatmoko@gmail.com,unofficial1433,2021-07-25
yurio-windiatmoko,yuriowindiatmoko@gmail.com,unofficial1434,2021-07-25
yurio-windiatmoko,yuriowindiatmoko@gmail.com,unofficial1435,2021-07-25
yurio-windiatmoko,yuriowindiatmoko@gmail.com,unofficial1436,2021-07-25
yurio-windiatmoko,yuriowindiatmoko@gmail.com,unofficial1437,2021-07-25
yurio-windiatmoko,yuriowindiatmoko@gmail.com,unofficial1438,2021-07-25
yurio-windiatmoko,yuriowindiatmoko@gmail.com,unofficial1439,2021-07-25
yurio-windiatmoko,yuriowindiatmoko@gmail.com,unofficial1440,2021-07-25
yurio-windiatmoko,yuriowindiatmoko@gmail.com,unofficial1441,2021-07-25
yurio-windiatmoko,yuriowindiatmoko@gmail.com,unofficial1442,2021-07-25
yurio-windiatmoko,yuriowindiatmoko@gmail.com,unofficial1443,2021-07-25
yurio-windiatmoko,yuriowindiatmoko@gmail.com,unofficial1444,2021-07-25
yurio-windiatmoko,yuriowindiatmoko@gmail.com,unofficial1445,2021-07-25
yurio-windiatmoko,yuriowindiatmoko@gmail.com,unofficial1446,2021-07-25
yurio-windiatmoko,yuriowindiatmoko@gmail.com,unofficial1447,2021-07-25
yurio-windiatmoko,yuriowindiatmoko@gmail.com,unofficial1448,2021-07-25
yurio-windiatmoko,yuriowindiatmoko@gmail.com,unofficial1449,2021-07-25
yurio-windiatmoko,yuriowindiatmoko@gmail.com,unofficial1450,2021-07-25
yurio-windiatmoko,yuriowindiatmoko@gmail.com,unofficial1451,2021-07-25
yurio-windiatmoko,yuriowindiatmoko@gmail.com,unofficial1452,2021-07-25
yurio-windiatmoko,yuriowindiatmoko@gmail.com,unofficial1453,2021-07-25
yurio-windiatmoko,yuriowindiatmoko@gmail.com,unofficial1454,2021-07-25
yurio-windiatmoko,yuriowindiatmoko@gmail.com,unofficial1455,2021-07-25
yurio-windiatmoko,yuriowindiatmoko@gmail.com,unofficial1456,2021-07-25
yurio-windiatmoko,yuriowindiatmoko@gmail.com,unofficial1457,2021-07-25
yurio-windiatmoko,yuriowindiatmoko@gmail.com,unofficial1458,2021-07-25
yurio-windiatmoko,yuriowindiatmoko@gmail.com,unofficial1459,2021-07-25
yurio-windiatmoko,yuriowindiatmoko@gmail.com,unofficial1460,2021-07-25
yurio-windiatmoko,yuriowindiatmoko@gmail.com,unofficial1461,2021-07-25
